east_youth,n,afd_share_unw,afd_share_w,mean_dose_years
0,2362.0,0.08044030482641829,0.07995117664162363,0.0
1,1154.0,0.21837088388214904,0.20894608796311634,13.511728931364031
