sample,spec,n,ate,se,ci_low,ci_high,naive_diff_w,y_mean_w,y_treated_w,y_control_w,treated_share_unw,treated_share_w
all_party_choosers,spec_A_pre,3509,0.1293802346999293,0.013848642462778117,0.10223689547288418,0.1565235739269744,0.12738892631852416,0.10441186721419096,0.2070490841947042,0.07966015787618003,0.32801367911085777,0.1943003214904378
all_party_choosers,spec_B_plus_ses,3509,0.10806098102177719,0.013144284090611486,0.08229818420417867,0.1338237778393757,0.12738892631852416,0.10441186721419096,0.2070490841947042,0.07966015787618003,0.32801367911085777,0.1943003214904378
born_le_1990,spec_A_pre,2950,0.14432629123281138,0.014806326535934623,0.11530589122237951,0.17334669124324323,0.13602325483879912,0.1092403295823257,0.21673158682893004,0.0807083319901309,0.3494915254237288,0.2097582330757195
born_le_1990,spec_B_plus_ses,2950,0.11465024600670688,0.014748719875976033,0.08574275504979385,0.1435577369636199,0.13602325483879912,0.1092403295823257,0.21673158682893004,0.0807083319901309,0.3494915254237288,0.2097582330757195
