n,mean,std,min,p25,p50,p75,max
1580,13.478481012658229,6.759988661941843,0.0,9.0,18.0,18.0,18.0
