bootstrap_B,n,ate_point,ate_ci_low,ate_ci_high
500,2950,0.14562759447331303,0.11113033576642808,0.17615514220090542
